账号,类型
bzhou,中心
nicops,中心
nicops.dev,中心
dfxbb,中心
jsywb,中心
jcloud_sjtunic,中心
hbguan,中心
hpc,中心
kaida,中心
ykw,中心
jbox-cloud2,中心
bob777,中心
blacknail,中心
xiejing0217,中心
myy15,科研
dong_han,科研
chengz88,科研
wang_dong,科研
lg30551,机构
huilu,科研
yuzf,科研
hailong.liu,科研
huhaitao2001,科研
AI_SJTU,科研
huangjy,机构
iemcp,科研
changying.zhao,科研
dengxiao,科研
luliangjun,科研
xqzeng,科研
yujiewang,科研
dumaosjtu,科研
vamosvon,科研
chen.cao,科研
czy123,科研
p0ker.n1ce,科研
assassin47,科研
ccwei,科研
jing.li,科研
shaoheng,科研
yuehu,科研
zhangtengfei,科研
braver1980,科研
rycsjtu,科研
diankaiqiu,科研
kydeng,科研
yanglin,科研
junzhao,科研
qbhe,科研
slxiao,科研
fangweiye,科研
xin.zhang,科研
houliqiang,科研
yilehu,科研
hl.peng,科研
shanheplus,科研
jcloud_jwc,机构
jcloud_sjtulib,机构
jcloud_xygl,机构
jcloud_sjtugs,机构
jcloud_etc,机构
jcloud_umji,机构
jcloud_xwzx,机构
jcloud_zsc,机构
jcloud_sac,机构
jcloud_si,机构
jcloud_zbb,机构
jcloud_hq,机构
jcloud_jdfz,机构
jcloud_tdli,机构
jcloud_icci,机构
jcloud_zhiyuan,机构
jcloud_sjchu,机构
jcloud_fzll,机构
jcloud_ky,机构
jcloud_jdgh,机构
jcloud_sjtuicae,机构
jcloud_ctld,机构
jcloud_agri,机构
jcloud_seiee,机构
jcloud_jdfzmh,机构
jcloud_tzb,机构
jcloud_aitri,机构
jcloud_naoce,机构
jcloud_ins,机构
jcloud_jjc,机构
jcloud_plan,机构
jcloud_bwc,机构
jcloud_speit,机构
jcloud_physics,机构
jcloud_sese,机构
jcloud_ai,机构
jcloud_chuangye,机构
jcloud_archives,机构
jcloud_ma,机构
jcloud_dzb,机构
jcloud_sipa,机构
jcloud_sod,机构
jcloud_lcc,机构
jcloud_smse,机构
jcloud_life,机构
library_test,机构
jwc,机构
jcloud_alumni,机构
2017tmo,机构
tmo2019,机构
jcloud_wk,机构
tuanwei,机构
jcloud_qianxslib,机构
jcloud_iac,机构
jcloud_shss,机构
shcmusic,普通
scecloud,普通
fangchen,普通
sjtuoec,普通
rsshan,普通
ddst,普通
xinhuait,普通
ninthhospital,普通
qshiyou,普通
qkzx,普通
hazenet,普通
wjg,普通
CBMDS,普通
dengxy,普通
pace,普通
caiyw,普通
shangxueyuan,普通
xiehuaxiehua,普通
tongqu,普通
yoyomailer,普通
ICICV,普通
lawreview,普通
shijy,普通
wuct,普通
Terry_Tang,普通
ykcao,普通
andysheer,普通
jcloudphy,普通
zhiyuan,普通
xiaoqunwang,普通
whd302,普通
umji,普通
linjunlu,普通
cehd,普通
iac_eac,普通
ygao,普通
lstian,普通
haijun.wu,普通
yichao,普通
yu_huang,普通
zhangwp,普通
chen-hp,普通
chbojun,普通
lgong,普通
ecmessage,普通
nan.hui,普通
qiyu,普通
zhangzhuo,普通
wn11817,普通
c014.c,普通
x--ray,普通
tlx06110831,普通
zfnlycpjg,普通
hebingchang,普通
nsfocus_test,普通
iac_office,普通
yudi.zhuang,普通
sese,普通
zhengwenli,普通
stonehot,普通
yuzhangsheng,普通
renjie.zhang,普通
yuye.ling,普通
zhenghuan,普通
dingyue,普通
yangjianying,普通
fei-han,普通
chenyt,普通
lzhang2012,普通
tangcong,普通
yyin,普通
andrewlee96,普通
jiafeifang,普通
JINLIUQING-DEV,普通
lionel,普通
coldtiger,普通
mjiang,普通
ustcnewly,普通
qiugz,普通
zhangheng_sjtu,普通
zengsuhua,普通
1627hly,普通
yinzifei,普通
fpc.ud,普通
wuxj19,科研
yuyu22,普通
li.h.chen,普通
maolongliu,普通
y_g,普通
yu_yi2012,普通
signals-systems,普通
yongzhang1977,普通
liang.wu,教学
jcloud_compute,教学
iac_gene,普通
limingluo,普通
liyo,普通
ma-yinghua,普通
ya_zhang,普通
zhiguoxu,普通
yaoqiuxiang,普通
alanruo_shan,普通
